<?xml version="1.0" encoding="UTF-8"?>
<project-private xmlns="http://www.netbeans.org/ns/project-private/1">
    <editor-bookmarks xmlns="http://www.netbeans.org/ns/editor-bookmarks/2" lastBookmarkId="0"/>
    <open-files xmlns="http://www.netbeans.org/ns/projectui-open-files/2">
        <group>
            <file>file:/D:/GRACE/BCA%205/J2EE/BCA/prog/ServletJdbc/src/java/jdbc/Insert.java</file>
            <file>file:/D:/GRACE/BCA%205/J2EE/BCA/prog/ServletJdbc/src/java/jdbc/ConnDB.java</file>
            <file>file:/D:/GRACE/BCA%205/J2EE/BCA/prog/ServletJdbc/src/java/jdbc/SelectAll.java</file>
            <file>file:/D:/GRACE/BCA%205/J2EE/BCA/prog/ServletJdbc/src/java/jdbc/Delete.java</file>
            <file>file:/D:/GRACE/BCA%205/J2EE/BCA/prog/ServletJdbc/src/java/jdbc/Update.java</file>
        </group>
    </open-files>
</project-private>
